{
  "success_rate": 0.0,
  "mean_reward": -1460.208750777239,
  "std_reward": 2.2737367544323206e-13,
  "mean_episode_length": 500.0,
  "mean_final_distance": 3.1214400120982977,
  "mean_action_magnitude": 2.6457512190018466,
  "num_episodes": 50
}