{
  "train_losses": [
    1.2504374843357373,
    0.7924254312456861,
    0.6016496051211621,
    0.5014595987459957,
    0.45752620167638514
  ],
  "val_losses": [
    1.0316749902141618,
    0.7893269094431558,
    0.6107924182882867,
    0.5438727991239803,
    0.512013387943259
  ],
  "epoch_times": [
    0.04175209999084473,
    0.025992870330810547,
    0.024338960647583008,
    0.024613142013549805,
    0.03056812286376953
  ],
  "best_val_loss": 0.512013387943259,
  "best_epoch": 4
}