{
  "train_losses": [
    0.7084996998090348,
    0.5504684602134626,
    0.5304170675432712,
    0.5162650955734949,
    0.5096122494398871,
    0.5053705193211403,
    0.5022616661534015,
    0.4998428176543117,
    0.49776283491335865,
    0.4960443904158081,
    0.4945797713212234,
    0.493279542597074,
    0.49215082515008224,
    0.491168902489782,
    0.4902213803881093,
    0.48939617929559737,
    0.4886932336878016,
    0.4879928471464168,
    0.4872948407307207,
    0.486743403130019,
    0.48629397537316,
    0.48567978936620126,
    0.4852016408711921,
    0.4847192243928109,
    0.4842392456825924,
    0.48373718192532666,
    0.4834478114536057,
    0.4831088495336377,
    0.48277497332060293,
    0.4824576411260782,
    0.48200896921792963,
    0.48182335566266293,
    0.48150409246622905,
    0.48112510277733106,
    0.4808451552403717,
    0.48058860404280784,
    0.4803611902520141,
    0.48010719495971377,
    0.47984799452766463,
    0.4795637735576848,
    0.4794084843480989,
    0.47916988483327183,
    0.4789621992021056,
    0.47877013023836523,
    0.4785307761550221,
    0.4783033490959287,
    0.4782122476715731,
    0.4779426090031106,
    0.47778838115656375,
    0.47754938820062376
  ],
  "val_losses": [
    0.5549555374175601,
    0.53164257562749,
    0.5171650254359346,
    0.5070462660732327,
    0.5025095245482877,
    0.49950143959890153,
    0.497226852828752,
    0.49552910160941116,
    0.49439315359394426,
    0.4932552993687332,
    0.49224641474918646,
    0.49143933749252416,
    0.49038789672483263,
    0.48966649183704786,
    0.48942060509435814,
    0.4884315535486094,
    0.4880542468572104,
    0.488052301322009,
    0.4871641878766864,
    0.48693807002471695,
    0.4862827296153686,
    0.4859976498657377,
    0.4858987958091409,
    0.48558261638555855,
    0.48522440198816796,
    0.485331734801576,
    0.4848626590379698,
    0.4842981211939215,
    0.4840883677087886,
    0.48372376491948593,
    0.4839101701474125,
    0.4835780695770057,
    0.48370230551693477,
    0.48366373552637376,
    0.4830129494929156,
    0.483321636464323,
    0.4827914854293554,
    0.4828689282938568,
    0.4827671892645709,
    0.48250298467106967,
    0.4826259469681289,
    0.4820611079359066,
    0.4819267246290821,
    0.48219707093092873,
    0.4818912420703151,
    0.482083186367796,
    0.4817312939566526,
    0.48171812423964927,
    0.48133342995346395,
    0.48135771843706865
  ],
  "epoch_times": [
    0.3806190490722656,
    0.5051751136779785,
    0.5826699733734131,
    0.4237499237060547,
    0.4408400058746338,
    0.341480016708374,
    0.3566279411315918,
    0.3564600944519043,
    0.4030582904815674,
    0.3473482131958008,
    0.36533594131469727,
    0.3431382179260254,
    0.3458540439605713,
    0.5102121829986572,
    0.35570597648620605,
    0.38170623779296875,
    0.3432900905609131,
    0.342548131942749,
    0.34654998779296875,
    0.33641719818115234,
    0.3342750072479248,
    0.3369879722595215,
    0.33658409118652344,
    0.3344399929046631,
    0.3482182025909424,
    0.338533878326416,
    0.3461477756500244,
    0.3416290283203125,
    0.3431432247161865,
    0.3872349262237549,
    0.3584473133087158,
    0.35517096519470215,
    0.33570194244384766,
    0.33086323738098145,
    0.34696197509765625,
    0.3593940734863281,
    0.507849931716919,
    0.33670902252197266,
    0.4649200439453125,
    0.37403106689453125,
    0.5302169322967529,
    0.3547379970550537,
    0.3618748188018799,
    0.3422861099243164,
    0.3701057434082031,
    0.34933900833129883,
    0.34513401985168457,
    0.3457672595977783,
    0.3439481258392334,
    0.33579397201538086
  ],
  "best_val_loss": 0.48133342995346395,
  "best_epoch": 48
}